Tick,ALPHA,GAMMA,THETA,Price-ALPHA,Price-GAMMA,Price-THETA,Price-RITM,Latest-News
600.0,0.01658508850433417,0.009399225665964664,0.00407603736489728,175.13,61.24,22.13,4304.72,"Your analysts informed that at tick 586,  the market price of RITM is forecasted to be $4313.14."
599.0,0.007618640663477385,0.013235889971392993,0.013098069600771704,173.12,61.45,22.03,4304.72,"Your analysts informed that at tick 586,  the market price of RITM is forecasted to be $4313.14."
599.0,0.007618640663477385,0.00834624256298781,0.015555682396274967,173.12,61.36,22.11,4304.72,"Your analysts informed that at tick 586,  the market price of RITM is forecasted to be $4313.14."
599.0,0.009328864494659344,0.015557071568936046,0.012187466089490078,173.72,61.35,22.14,4304.72,"Your analysts informed that at tick 586,  the market price of RITM is forecasted to be $4313.14."
599.0,0.015484434142697963,0.021832941680402687,0.012945948017810486,173.42,61.46,22.03,4304.72,"Your analysts informed that at tick 586,  the market price of RITM is forecasted to be $4313.14."
598.0,0.015773341496868983,0.021936006992476678,0.013143091146844936,174.07,61.04,22.09,4307.27,"Your analysts informed that at tick 586,  the market price of RITM is forecasted to be $4313.14."
598.0,0.009114625821736045,0.013617199501843733,0.011103256974076546,173.82,61.41,22.0,4307.27,"Your analysts informed that at tick 586,  the market price of RITM is forecasted to be $4313.14."
598.0,0.009114625821736045,0.006571173380441198,0.013835291251460092,173.82,61.04,21.95,4307.27,"Your analysts informed that at tick 586,  the market price of RITM is forecasted to be $4313.14."
598.0,0.015690735843808715,0.00595548606549836,0.012346685923264987,174.12,61.24,21.99,4307.27,"Your analysts informed that at tick 586,  the market price of RITM is forecasted to be $4313.14."
597.0,0.013295842316812323,0.009174923007103838,0.011060678290264095,175.36,63.05,21.96,4315.94,"Your analysts informed that at tick 586,  the market price of RITM is forecasted to be $4313.14."
597.0,0.013295842316812323,0.008108822289244108,0.013642232077762526,175.36,63.02,21.93,4315.94,"Your analysts informed that at tick 586,  the market price of RITM is forecasted to be $4313.14."
597.0,0.008746744401842727,0.012631271962138858,0.010991304717907161,175.26,63.01,22.04,4315.94,"Your analysts informed that at tick 586,  the market price of RITM is forecasted to be $4313.14."
597.0,0.014406454878563554,0.013010164502762475,0.012854147182472063,175.15,62.85,22.01,4315.94,"Your analysts informed that at tick 586,  the market price of RITM is forecasted to be $4313.14."
596.0,0.014873731591090981,0.012999416182223665,0.013764116318510329,176.15,63.3,21.83,4318.21,"Your analysts informed that at tick 586,  the market price of RITM is forecasted to be $4313.14."
596.0,0.016046801792842024,0.021296517843765874,0.01889377667810265,176.4,63.2,21.89,4318.21,"Your analysts informed that at tick 586,  the market price of RITM is forecasted to be $4313.14."
596.0,0.007212578677140927,0.006129868970919793,0.01227434369828384,176.19,63.44,22.0,4318.21,"Your analysts informed that at tick 586,  the market price of RITM is forecasted to be $4313.14."
596.0,0.014944136317529945,0.016727029771991392,0.003932722513269054,176.45,63.31,21.93,4318.21,"Your analysts informed that at tick 586,  the market price of RITM is forecasted to be $4313.14."
595.0,0.015807950990696446,0.016299742612088202,0.0035680579682217696,176.62,62.86,21.77,4323.62,"Your analysts informed that at tick 586,  the market price of RITM is forecasted to be $4313.14."
595.0,0.006650491584625121,0.0076354885687687024,0.015899825622748418,176.36,62.88,21.84,4323.62,"Your analysts informed that at tick 586,  the market price of RITM is forecasted to be $4313.14."
595.0,0.01691941470324823,0.005803539532532092,0.012000640441789308,176.42,63.11,21.77,4323.62,"Your analysts informed that at tick 586,  the market price of RITM is forecasted to be $4313.14."
595.0,0.007875926353747918,0.0069535649897301405,0.013741798944775254,176.02,63.26,21.87,4323.62,"Your analysts informed that at tick 586,  the market price of RITM is forecasted to be $4313.14."
594.0,0.004825117647773954,0.00596721883977441,0.01217621222897637,177.67,64.06,21.75,4325.01,"Your analysts informed that at tick 586,  the market price of RITM is forecasted to be $4313.14."
594.0,0.016218873614878462,0.017918936585506445,0.009469258388019866,177.37,63.99,21.94,4325.01,"Your analysts informed that at tick 586,  the market price of RITM is forecasted to be $4313.14."
594.0,0.003953455124086019,0.0022713022583075154,0.009819609943209653,177.44,64.19,21.83,4325.01,"Your analysts informed that at tick 586,  the market price of RITM is forecasted to be $4313.14."
593.0,0.00806270366184137,0.008027328356475905,0.009781725289600612,175.44,62.95,21.75,4314.63,"Your analysts informed that at tick 586,  the market price of RITM is forecasted to be $4313.14."
593.0,0.014741476464183532,0.0030990372896072867,0.006062874237911683,175.64,63.02,21.81,4314.63,"Your analysts informed that at tick 586,  the market price of RITM is forecasted to be $4313.14."
593.0,0.013612329678976496,0.023741920057083116,0.006062874237911683,175.74,63.35,21.81,4314.63,"Your analysts informed that at tick 586,  the market price of RITM is forecasted to be $4313.14."
593.0,0.013612329678976496,0.006881585639934714,0.01437941640381756,175.74,63.15,21.71,4314.63,"Your analysts informed that at tick 586,  the market price of RITM is forecasted to be $4313.14."
592.0,0.013660389161985058,0.007155989777581232,0.012679223225379918,175.39,63.71,21.8,4318.95,"Your analysts informed that at tick 586,  the market price of RITM is forecasted to be $4313.14."
592.0,0.015064611882318786,0.020575798825263447,0.013555809418516604,175.8,63.81,21.79,4318.95,"Your analysts informed that at tick 586,  the market price of RITM is forecasted to be $4313.14."
592.0,0.011857316356648372,0.013859523696727223,0.012296692109145253,175.39,63.84,21.67,4318.95,"Your analysts informed that at tick 586,  the market price of RITM is forecasted to be $4313.14."
592.0,0.011181325725908313,0.012260276083490227,0.018527302362401854,175.69,63.64,21.7,4318.95,"Your analysts informed that at tick 586,  the market price of RITM is forecasted to be $4313.14."
591.0,0.011194649907084415,0.012160679495422903,0.018570028994845347,176.02,63.68,21.82,4317.75,"Your analysts informed that at tick 586,  the market price of RITM is forecasted to be $4313.14."
591.0,0.011194649907084415,0.02089283229718221,0.011665172454996377,176.02,63.57,21.88,4317.75,"Your analysts informed that at tick 586,  the market price of RITM is forecasted to be $4313.14."
591.0,0.01587225458733425,0.02180318449239045,0.0008807948504890306,175.42,63.4,21.89,4317.75,"Your analysts informed that at tick 586,  the market price of RITM is forecasted to be $4313.14."
591.0,0.01587225458733425,0.019355964275396424,0.022174731418781932,175.42,63.6,21.86,4317.75,"Your analysts informed that at tick 586,  the market price of RITM is forecasted to be $4313.14."
591.0,0.015666245812419138,0.021299361907131328,0.0014473419425123733,175.72,63.6,21.86,4314.9,"Your analysts informed that at tick 586,  the market price of RITM is forecasted to be $4313.14."
590.0,0.017673769391192463,0.019098214714501887,0.021855783915115577,174.75,63.3,21.95,4314.9,"Your analysts informed that at tick 586,  the market price of RITM is forecasted to be $4313.14."
590.0,0.011201896926061184,0.015492167002755157,0.011670101728630162,175.1,63.5,21.87,4314.9,"Your analysts informed that at tick 586,  the market price of RITM is forecasted to be $4313.14."
590.0,0.011201896926061184,0.01462633422183232,0.012040858601165327,175.1,63.46,21.88,4314.9,"Your analysts informed that at tick 586,  the market price of RITM is forecasted to be $4313.14."
590.0,0.006827056086054087,-0.0018630533260340417,0.01761910000023991,175.05,63.23,22.03,4314.9,"Your analysts informed that at tick 586,  the market price of RITM is forecasted to be $4313.14."
589.0,0.008966394801415995,0.0018050058469219355,0.01631099274224933,173.4,62.66,22.13,4304.72,"Your analysts informed that at tick 586,  the market price of RITM is forecasted to be $4313.14."
589.0,0.008793397560143012,0.010423828702269673,0.01631099274224933,172.8,62.55,22.13,4304.72,"Your analysts informed that at tick 586,  the market price of RITM is forecasted to be $4313.14."
589.0,0.011448425303386684,0.01129639998748232,0.010866520272544599,173.1,62.26,22.03,4304.72,"Your analysts informed that at tick 586,  the market price of RITM is forecasted to be $4313.14."
588.0,0.019496197859820756,0.010470998624382595,0.010527743186501593,173.1,62.36,21.78,4305.02,"Your analysts informed that at tick 586,  the market price of RITM is forecasted to be $4313.14."
588.0,0.011500789482872458,0.016576114039237907,0.010624962528335613,173.52,61.96,21.71,4305.02,"Your analysts informed that at tick 586,  the market price of RITM is forecasted to be $4313.14."
588.0,0.008853755689642955,0.0038394232625328546,0.012849790529126208,173.3,62.16,21.91,4305.02,"Your analysts informed that at tick 586,  the market price of RITM is forecasted to be $4313.14."
587.0,0.01017225498808172,0.006811056042763891,0.013647804804898916,172.24,61.41,21.67,4294.02,"Your analysts informed that at tick 586,  the market price of RITM is forecasted to be $4313.14."
587.0,0.012492525886787937,0.017976071227439383,0.013638460342500113,172.28,61.6,21.87,4294.02,"Your analysts informed that at tick 586,  the market price of RITM is forecasted to be $4313.14."
587.0,0.014600385590343155,0.010710240568787173,0.013638460342500113,171.93,61.47,21.87,4294.02,"Your analysts informed that at tick 586,  the market price of RITM is forecasted to be $4313.14."
587.0,0.008337367127620706,0.0032481446037963702,0.013638460342500113,172.23,61.4,21.87,4294.02,"Your analysts informed that at tick 586,  the market price of RITM is forecasted to be $4313.14."
586.0,0.0070655069067995496,0.005650004511255539,0.012420853619094322,173.36,63.93,21.77,4312.56,"Your analysts informed that at tick 586,  the market price of RITM is forecasted to be $4313.14."
586.0,0.011917927400204207,-0.007364686986811838,0.01787538100479642,173.66,63.61,21.7,4312.56,"Your analysts informed that at tick 586,  the market price of RITM is forecasted to be $4313.14."
585.0,0.01509785572936289,-0.007667084454208351,0.01971085518796893,176.2,65.51,21.68,4327.81,"Your analysts informed that at tick 586,  the market price of RITM is forecasted to be $4313.14."
585.0,0.01438776680873218,0.018806720723507316,0.008847619796038722,175.77,65.61,21.81,4327.81,"Your analysts informed that at tick 586,  the market price of RITM is forecasted to be $4313.14."
585.0,0.015504586994522026,0.014193739807747829,0.008847619796038722,176.12,65.77,21.81,4327.81,"Your analysts informed that at tick 586,  the market price of RITM is forecasted to be $4313.14."
585.0,0.007065882313518442,0.017420809244093123,0.008847619796038722,175.77,65.59,21.81,4327.81,"Your analysts informed that at tick 586,  the market price of RITM is forecasted to be $4313.14."
584.0,0.006849982812820508,0.01764920638325033,0.008618700315299287,176.88,65.65,21.72,4329.73,"Your analysts informed that at tick 586,  the market price of RITM is forecasted to be $4313.14."
584.0,0.006849982812820508,0.021095356655716907,0.008618700315299287,176.88,65.7,21.72,4329.73,"Your analysts informed that at tick 586,  the market price of RITM is forecasted to be $4313.14."
584.0,0.01075422161745153,0.002065342338863782,0.016782501175585687,176.84,65.88,21.91,4329.73,"Your analysts informed that at tick 586,  the market price of RITM is forecasted to be $4313.14."
584.0,0.01414860657171822,0.00726559847851754,0.010257807482946617,176.74,65.81,21.82,4329.73,"Your analysts informed that at tick 586,  the market price of RITM is forecasted to be $4313.14."
583.0,0.014296800792047837,0.006316882449499933,0.011514994170529999,176.97,66.06,21.93,4331.45,"Your analysts informed that at tick 586,  the market price of RITM is forecasted to be $4313.14."
583.0,0.01678560108429389,0.020157905079000192,0.009119099547712405,176.64,65.7,21.74,4331.45,"Your analysts informed that at tick 586,  the market price of RITM is forecasted to be $4313.14."
583.0,0.016402498664868575,0.014374176608295732,0.009874365134504843,177.11,65.92,21.94,4331.45,"Your analysts informed that at tick 586,  the market price of RITM is forecasted to be $4313.14."
583.0,0.00020481009075483392,0.024254600959886942,0.01574937467791365,176.81,65.9,21.84,4331.45,"Your analysts informed that at tick 586,  the market price of RITM is forecasted to be $4313.14."
582.0,0.006472012098487778,0.023565598461987344,0.012551484721251257,176.05,65.1,21.84,4322.03,"Your analysts informed that at tick 586,  the market price of RITM is forecasted to be $4313.14."
582.0,0.006472012098487778,0.0021267210469162502,0.01965154140996633,176.05,65.27,21.68,4322.03,"Your analysts informed that at tick 586,  the market price of RITM is forecasted to be $4313.14."
582.0,0.009729548550766633,0.0017655555653404396,0.01965154140996633,176.26,65.12,21.68,4322.03,"Your analysts informed that at tick 586,  the market price of RITM is forecasted to be $4313.14."
582.0,0.02175425385993925,0.022137832613386907,0.015271179486062976,176.35,65.5,21.88,4322.03,"Your analysts informed that at tick 586,  the market price of RITM is forecasted to be $4313.14."
581.0,0.024399547943214243,0.025580851006356792,0.01512532913616171,178.05,66.52,21.77,4332.37,"Your analysts informed that at tick 586,  the market price of RITM is forecasted to be $4313.14."
581.0,0.010273003145650928,-0.0011477273031359637,0.003928518087993958,177.58,66.25,21.89,4332.37,"Your analysts informed that at tick 586,  the market price of RITM is forecasted to be $4313.14."
581.0,0.0008126885996802662,0.002342666581203365,0.012757240808044999,177.88,66.45,21.93,4332.37,"Your analysts informed that at tick 586,  the market price of RITM is forecasted to be $4313.14."
580.0,0.00043278357014478984,0.0036160446794435436,0.0122679042332054,179.43,67.29,21.92,4346.33,"Your analysts informed that at tick 586,  the market price of RITM is forecasted to be $4313.14."
580.0,0.009970326044549546,0.02126605707901416,0.013296690005530467,179.62,67.49,21.84,4346.33,"Your analysts informed that at tick 586,  the market price of RITM is forecasted to be $4313.14."
580.0,0.02131986067429769,0.009475510353613322,0.015938283736751383,179.3,67.11,21.91,4346.33,"Your analysts informed that at tick 586,  the market price of RITM is forecasted to be $4313.14."
580.0,0.0075985261661441,-0.0006415651739908549,0.023046273167359313,179.6,67.29,21.82,4346.33,"Your analysts informed that at tick 586,  the market price of RITM is forecasted to be $4313.14."
579.0,0.017314129024559394,0.025223210167181945,0.026345709599832505,183.18,70.46,21.76,4370.15,"Your analysts informed that at tick 586,  the market price of RITM is forecasted to be $4313.14."
579.0,0.017314129024559394,0.0008738496749100891,0.005181204832500231,183.18,70.25,21.65,4370.15,"Your analysts informed that at tick 586,  the market price of RITM is forecasted to be $4313.14."
579.0,0.010552052612980038,0.0036143775452611333,0.0014595100634124392,183.38,70.06,21.68,4370.15,"Your analysts informed that at tick 586,  the market price of RITM is forecasted to be $4313.14."
579.0,0.003396153057547825,0.04812905433464728,0.0014595100634124392,182.81,70.46,21.68,4370.15,"Your analysts informed that at tick 586,  the market price of RITM is forecasted to be $4313.14."
578.0,0.004460342593061901,0.05119738425467789,0.0019702367568092856,182.55,68.72,21.74,4356.07,"Your analysts informed that at tick 586,  the market price of RITM is forecasted to be $4313.14."
578.0,0.012230195245404096,0.006897926889100023,0.011690910138641444,182.65,68.74,21.86,4356.07,"Your analysts informed that at tick 586,  the market price of RITM is forecasted to be $4313.14."
578.0,0.019880318326460186,0.006547202833553048,0.01631805508927625,182.08,68.71,21.84,4356.07,"Your analysts informed that at tick 586,  the market price of RITM is forecasted to be $4313.14."
578.0,0.01555010213227591,0.031631634947935514,0.01631805508927625,182.35,68.64,21.84,4356.07,"Your analysts informed that at tick 586,  the market price of RITM is forecasted to be $4313.14."
577.0,0.016313985369492266,0.03389257754952612,0.016214220341649915,182.03,69.3,21.7,4357.86,"Your analysts informed that at tick 586,  the market price of RITM is forecasted to be $4313.14."
577.0,0.016313985369492266,-0.004011857073507151,0.013870120810539933,182.03,69.08,21.9,4357.86,"Your analysts informed that at tick 586,  the market price of RITM is forecasted to be $4313.14."
577.0,0.003027895969074622,0.02713822672066231,0.022246710229961962,181.43,69.04,21.85,4357.86,"Your analysts informed that at tick 586,  the market price of RITM is forecasted to be $4313.14."
577.0,0.003027895969074622,0.02448275496546721,0.008125029584449633,181.43,69.3,21.8,4357.86,"Your analysts informed that at tick 586,  the market price of RITM is forecasted to be $4313.14."
577.0,0.006578413145037847,0.026008085996619877,0.021763750042067515,183.02,69.1,21.8,4372.15,"Your analysts informed that at tick 586,  the market price of RITM is forecasted to be $4313.14."
576.0,0.006578413145037847,0.011285724523394356,0.004457534418578122,183.02,70.63,21.7,4372.15,"Your analysts informed that at tick 586,  the market price of RITM is forecasted to be $4313.14."
576.0,0.0063402756801182805,0.026818806939261586,-0.016441506197481026,183.38,70.67,21.68,4372.15,"Your analysts informed that at tick 586,  the market price of RITM is forecasted to be $4313.14."
576.0,0.0063402756801182805,-0.010017618973973434,-0.016441506197481026,183.38,70.45,21.68,4372.15,"Your analysts informed that at tick 586,  the market price of RITM is forecasted to be $4313.14."
576.0,0.01066714363315074,0.011865554313529904,0.01530012376739806,182.99,70.47,21.72,4372.15,"Your analysts informed that at tick 586,  the market price of RITM is forecasted to be $4313.14."
575.0,0.01361153665366616,0.02236603074760425,0.01220224090315085,181.56,68.11,21.69,4361.27,"Your analysts informed that at tick 536,  the market price of RITM is forecasted to be $4292.58."
575.0,0.0161474091890791,0.03681580080729224,0.011806177853052598,181.67,68.0,21.67,4361.27,"Your analysts informed that at tick 536,  the market price of RITM is forecasted to be $4292.58."
575.0,0.0161474091890791,0.002243393484348275,0.028211068648048163,181.67,68.2,21.77,4361.27,"Your analysts informed that at tick 536,  the market price of RITM is forecasted to be $4292.58."
575.0,0.02021800569229039,0.03196407080848472,0.005933092772197258,179.77,68.2,21.77,4340.02,"Your analysts informed that at tick 536,  the market price of RITM is forecasted to be $4292.58."
574.0,0.01913144727403646,0.013226540322737259,0.02370010756509681,179.99,66.44,21.9,4340.02,"Your analysts informed that at tick 536,  the market price of RITM is forecasted to be $4292.58."
574.0,0.01913144727403646,0.037215625714303834,0.02174292830569051,179.99,66.7,21.75,4340.02,"Your analysts informed that at tick 536,  the market price of RITM is forecasted to be $4292.58."
574.0,0.012635691283848553,0.01223689887660133,-0.0013055299432090627,179.69,66.84,21.8,4340.02,"Your analysts informed that at tick 536,  the market price of RITM is forecasted to be $4292.58."
574.0,0.01081419466070217,0.03818380749803984,-0.0005315805537923126,179.69,66.84,21.8,4346.46,"Your analysts informed that at tick 536,  the market price of RITM is forecasted to be $4292.58."
573.0,0.015537130025669893,0.010112322317053963,-0.0018439436228724765,181.35,66.37,22.06,4346.46,"Your analysts informed that at tick 536,  the market price of RITM is forecasted to be $4292.58."
573.0,0.015537130025669893,0.011873573546577622,0.016547222848021178,181.35,66.51,22.02,4346.46,"Your analysts informed that at tick 536,  the market price of RITM is forecasted to be $4292.58."
573.0,0.00866848460878615,0.008619684921696028,0.006471192958936975,180.91,66.38,22.06,4346.46,"Your analysts informed that at tick 536,  the market price of RITM is forecasted to be $4292.58."
573.0,0.016201184318297784,0.014325060085488882,0.024128729918021764,181.05,66.39,21.96,4346.46,"Your analysts informed that at tick 536,  the market price of RITM is forecasted to be $4292.58."
572.0,0.01575067358210551,0.015203652080569188,0.02142844173830407,180.3,66.02,21.74,4344.96,"Your analysts informed that at tick 536,  the market price of RITM is forecasted to be $4292.58."
572.0,0.0247217099693055,0.03163449075559718,0.02107061444020733,180.53,66.17,21.94,4344.96,"Your analysts informed that at tick 536,  the market price of RITM is forecasted to be $4292.58."
572.0,0.009738332339952891,0.04159066316028871,0.02107061444020733,180.23,66.42,21.94,4344.96,"Your analysts informed that at tick 536,  the market price of RITM is forecasted to be $4292.58."
572.0,0.009738332339952891,0.01968785206012111,-0.002592838195233659,180.23,66.22,21.84,4344.96,"Your analysts informed that at tick 536,  the market price of RITM is forecasted to be $4292.58."
571.0,0.01034073274916062,0.01984524699557578,-0.001160174094081685,181.0,66.01,21.95,4346.15,"Your analysts informed that at tick 536,  the market price of RITM is forecasted to be $4292.58."
571.0,0.01845711494833017,-0.004108040081504434,0.016828637316101475,181.6,66.15,21.87,4346.15,"Your analysts informed that at tick 536,  the market price of RITM is forecasted to be $4292.58."
571.0,0.01845711494833017,0.009955669863560003,0.010572925196094658,181.6,66.01,21.88,4346.15,"Your analysts informed that at tick 536,  the market price of RITM is forecasted to be $4292.58."
571.0,0.01585851766955098,0.00947707426281155,0.010965012552799643,181.3,66.21,21.92,4346.15,"Your analysts informed that at tick 536,  the market price of RITM is forecasted to be $4292.58."
570.0,0.013534054578461793,0.009515215444399953,0.012456709896266375,181.41,65.89,22.03,4346.55,"Your analysts informed that at tick 536,  the market price of RITM is forecasted to be $4292.58."
570.0,0.0044464869868852995,0.03820441484495702,0.020741307690408266,181.14,65.83,21.98,4346.55,"Your analysts informed that at tick 536,  the market price of RITM is forecasted to be $4292.58."
570.0,0.0023963230639896336,0.021138510295531012,0.020335154209417124,181.37,65.59,22.18,4346.55,"Your analysts informed that at tick 536,  the market price of RITM is forecasted to be $4292.58."
570.0,-0.004006015188207179,-0.028614032142454268,0.0014925290659303612,181.34,65.79,22.08,4346.55,"Your analysts informed that at tick 536,  the market price of RITM is forecasted to be $4292.58."
569.0,-0.0004648242211310657,-0.01905167057442638,0.004417277377388023,179.73,64.79,21.91,4329.79,"Your analysts informed that at tick 536,  the market price of RITM is forecasted to be $4292.58."
569.0,0.0011734686647171672,-0.021810242339805573,0.018333649572077015,179.46,64.47,21.98,4329.79,"Your analysts informed that at tick 536,  the market price of RITM is forecasted to be $4292.58."
569.0,0.011153381079956701,-0.032982956734022725,0.0029649307022678317,180.06,64.87,21.91,4329.79,"Your analysts informed that at tick 536,  the market price of RITM is forecasted to be $4292.58."
569.0,0.015232071852812331,0.02727438110089142,0.007330054084436539,179.76,64.67,22.01,4329.79,"Your analysts informed that at tick 536,  the market price of RITM is forecasted to be $4292.58."
568.0,0.016962359887762797,0.032691272841900064,0.005150165142996999,180.49,66.44,21.96,4336.63,"Your analysts informed that at tick 536,  the market price of RITM is forecasted to be $4292.58."
568.0,0.00878945840085697,0.017301565951404658,0.016619435245752698,180.82,66.04,21.94,4336.63,"Your analysts informed that at tick 536,  the market price of RITM is forecasted to be $4292.58."
568.0,0.005044833705740198,0.021126165298579462,0.01623809725406379,181.09,66.22,21.83,4336.63,"Your analysts informed that at tick 536,  the market price of RITM is forecasted to be $4292.58."
568.0,0.005044833705740198,0.01683267439190309,0.013529306212162147,181.09,66.24,21.93,4336.63,"Your analysts informed that at tick 536,  the market price of RITM is forecasted to be $4292.58."
567.0,0.016314115101461177,0.019926073378315146,0.010426774705186092,181.7,66.73,21.71,4347.76,"Your analysts informed that at tick 536,  the market price of RITM is forecasted to be $4292.58."
567.0,0.015534729445377506,0.002301639333895945,0.010426774705186092,182.3,67.11,21.71,4347.76,"Your analysts informed that at tick 536,  the market price of RITM is forecasted to be $4292.58."
567.0,0.01962260982812087,0.005741680684951605,0.0045355119659658445,182.0,66.93,21.91,4347.76,"Your analysts informed that at tick 536,  the market price of RITM is forecasted to be $4292.58."
566.0,0.033109367653731986,0.005749650267711602,0.004633469247061202,183.02,67.28,21.87,4354.29,"Your analysts informed that at tick 536,  the market price of RITM is forecasted to be $4292.58."
566.0,0.033109367653731986,0.024493849713263897,0.013719721599753196,183.02,67.16,21.77,4354.29,"Your analysts informed that at tick 536,  the market price of RITM is forecasted to be $4292.58."
566.0,0.015711339669197234,0.0486372828194756,0.019442678550964577,183.0,67.27,21.83,4354.29,"Your analysts informed that at tick 536,  the market price of RITM is forecasted to be $4292.58."
566.0,0.01559231517922399,0.04030858473745049,0.013869167062037606,182.99,67.36,21.77,4354.29,"Your analysts informed that at tick 536,  the market price of RITM is forecasted to be $4292.58."
565.0,0.016118251598131857,0.04478047514155437,0.01520532204320859,183.16,68.27,21.95,4360.25,"Your analysts informed that at tick 536,  the market price of RITM is forecasted to be $4292.58."
565.0,0.005459980566053283,0.03528495140830717,0.011024143166703342,182.82,68.19,21.91,4360.25,"Your analysts informed that at tick 536,  the market price of RITM is forecasted to be $4292.58."
565.0,0.005459980566053283,-0.006228964950838576,0.019058853097388785,182.82,68.44,21.87,4360.25,"Your analysts informed that at tick 536,  the market price of RITM is forecasted to be $4292.58."
565.0,0.010202277346435154,-0.018762421696353622,0.019058853097388785,183.12,68.24,21.87,4360.25,"Your analysts informed that at tick 536,  the market price of RITM is forecasted to be $4292.58."
565.0,0.012556031148407155,-0.010072583806314742,0.009534135703351826,181.5,66.7,21.87,4347.51,"Your analysts informed that at tick 536,  the market price of RITM is forecasted to be $4292.58."
564.0,0.012556031148407155,0.029446375288889055,0.02088403134447728,181.5,66.82,21.78,4347.51,"Your analysts informed that at tick 536,  the market price of RITM is forecasted to be $4292.58."
564.0,0.021813961224610122,0.029341451772144173,0.006473192853806331,181.62,67.03,21.92,4347.51,"Your analysts informed that at tick 536,  the market price of RITM is forecasted to be $4292.58."
564.0,0.025525827868063237,0.038408967935039603,0.010237181344362061,181.6,66.86,21.87,4347.51,"Your analysts informed that at tick 536,  the market price of RITM is forecasted to be $4292.58."
564.0,0.009304791393508004,0.006428559899423631,0.005597331437012703,181.4,66.83,21.86,4347.51,"Your analysts informed that at tick 536,  the market price of RITM is forecasted to be $4292.58."
563.0,0.013909010810906485,0.014582349114399498,0.009170363181432785,178.97,65.02,21.7,4328.88,"Your analysts informed that at tick 536,  the market price of RITM is forecasted to be $4292.58."
563.0,0.01049863049257503,0.008599616050814902,0.01307487824113851,178.8,65.33,21.89,4328.88,"Your analysts informed that at tick 536,  the market price of RITM is forecasted to be $4292.58."
563.0,0.0015765675336906482,-0.02023592899238566,0.02324568774930865,178.98,65.13,21.79,4328.88,"Your analysts informed that at tick 536,  the market price of RITM is forecasted to be $4292.58."
563.0,0.014423533766862303,-0.0020301271856679286,0.01034915591919874,182.35,65.13,21.79,4356.78,"Your analysts informed that at tick 536,  the market price of RITM is forecasted to be $4292.58."
562.0,0.007354839478859728,0.01093385866328323,0.02769118964462637,182.66,68.45,21.82,4356.78,"Your analysts informed that at tick 536,  the market price of RITM is forecasted to be $4292.58."
562.0,0.007354839478859728,0.012078296648822349,0.010045760391781757,182.66,68.41,21.62,4356.78,"Your analysts informed that at tick 536,  the market price of RITM is forecasted to be $4292.58."
562.0,0.008484833781392446,0.004438556287269197,0.011493231480062819,182.36,68.47,21.72,4356.78,"Your analysts informed that at tick 536,  the market price of RITM is forecasted to be $4292.58."
561.0,0.004666579808372771,0.00725515131438425,0.014493249203223266,183.8,68.98,21.91,4362.06,"Your analysts informed that at tick 536,  the market price of RITM is forecasted to be $4292.58."
561.0,0.008239748418128506,-0.012682336214164184,0.014827153284233006,183.85,68.89,21.72,4362.06,"Your analysts informed that at tick 536,  the market price of RITM is forecasted to be $4292.58."
561.0,0.005141460997407485,-0.0041751765302227625,0.02381072562846951,183.9,69.09,21.81,4362.06,"Your analysts informed that at tick 536,  the market price of RITM is forecasted to be $4292.58."
561.0,0.004206362425205314,-0.004223968114110221,0.013294415333505638,183.48,68.77,21.81,4358.64,"Your analysts informed that at tick 536,  the market price of RITM is forecasted to be $4292.58."
560.0,0.005711246148082973,0.0030855385493260556,0.020666215526563073,183.14,68.81,21.91,4358.64,"Your analysts informed that at tick 536,  the market price of RITM is forecasted to be $4292.58."
560.0,0.005711246148082973,0.013951328029155028,0.01231974713401855,183.14,68.98,21.95,4358.64,"Your analysts informed that at tick 536,  the market price of RITM is forecasted to be $4292.58."
560.0,0.014678485706296842,-0.0075710301030283336,0.007202873179741084,183.29,69.14,21.85,4358.64,"Your analysts informed that at tick 536,  the market price of RITM is forecasted to be $4292.58."
560.0,0.014678485706296842,0.017908406661494795,0.007202873179741084,183.29,68.95,21.85,4358.64,"Your analysts informed that at tick 536,  the market price of RITM is forecasted to be $4292.58."
560.0,0.014622604175381053,0.01820575023077486,0.00672893014542932,183.66,68.79,21.79,4355.55,"Your analysts informed that at tick 536,  the market price of RITM is forecasted to be $4292.58."
559.0,0.01705551435272094,0.012309744725032264,0.0007782068163937356,183.4,68.6,21.89,4355.55,"Your analysts informed that at tick 536,  the market price of RITM is forecasted to be $4292.58."
559.0,0.018300467284214562,0.03688675351097672,0.018798111237818355,183.06,68.81,21.72,4355.55,"Your analysts informed that at tick 536,  the market price of RITM is forecasted to be $4292.58."
559.0,0.016203381547189866,0.02941254884721648,0.015056309240411092,183.21,68.69,21.75,4355.55,"Your analysts informed that at tick 536,  the market price of RITM is forecasted to be $4292.58."
559.0,0.019669104786793314,-0.0028071109095138234,0.018526758847357105,183.36,68.7,21.82,4355.55,"Your analysts informed that at tick 536,  the market price of RITM is forecasted to be $4292.58."
558.0,0.02024107907545288,0.0009545838800218334,0.01661679593621053,182.05,68.31,21.95,4346.42,"Your analysts informed that at tick 536,  the market price of RITM is forecasted to be $4292.58."
558.0,0.02024107907545288,0.048610587763213225,0.004578019866578327,182.05,68.19,21.88,4346.42,"Your analysts informed that at tick 536,  the market price of RITM is forecasted to be $4292.58."
558.0,0.005023929939755284,0.027737361372893024,0.009191130104859386,182.16,68.27,21.83,4346.42,"Your analysts informed that at tick 536,  the market price of RITM is forecasted to be $4292.58."
558.0,0.015004940081964149,0.019272448122921955,0.01196870890937789,182.35,68.11,21.87,4346.42,"Your analysts informed that at tick 536,  the market price of RITM is forecasted to be $4292.58."
557.0,0.015643690970037667,0.019469038541940424,0.015333445595848764,181.79,67.1,21.71,4336.93,"Your analysts informed that at tick 536,  the market price of RITM is forecasted to be $4292.58."
557.0,0.013255860117826581,-0.00482138076923746,0.007903171048302978,181.74,67.18,21.73,4336.93,"Your analysts informed that at tick 536,  the market price of RITM is forecasted to be $4292.58."
557.0,0.01640714196631974,0.028890266335114947,0.005754301625580946,181.79,66.98,21.81,4336.93,"Your analysts informed that at tick 536,  the market price of RITM is forecasted to be $4292.58."
557.0,0.02083049897988707,-0.008462231433123626,0.009074374840428539,183.39,66.98,21.81,4348.78,"Your analysts informed that at tick 536,  the market price of RITM is forecasted to be $4292.58."
556.0,0.0228412533409202,0.039451523898162776,0.004917289476926299,183.04,67.77,21.82,4348.78,"Your analysts informed that at tick 536,  the market price of RITM is forecasted to be $4292.58."
556.0,0.012319156965006151,0.04367662210744048,0.025473520616225362,183.23,67.99,21.88,4348.78,"Your analysts informed that at tick 536,  the market price of RITM is forecasted to be $4292.58."
556.0,0.012825868864633634,0.03635108347090404,-0.001270813702692537,183.14,67.96,21.94,4348.78,"Your analysts informed that at tick 536,  the market price of RITM is forecasted to be $4292.58."
556.0,0.014363864505312535,0.005102351229171158,0.014339636337348496,183.34,67.97,21.84,4348.78,"Your analysts informed that at tick 536,  the market price of RITM is forecasted to be $4292.58."
556.0,0.016169019727156633,0.006532006658193799,0.013322869182287953,183.31,69.07,21.81,4354.72,"Your analysts informed that at tick 536,  the market price of RITM is forecasted to be $4292.58."
555.0,0.017587360967716893,0.009168916551207402,0.014146561719498262,183.08,69.21,21.85,4354.72,"Your analysts informed that at tick 536,  the market price of RITM is forecasted to be $4292.58."
555.0,0.017587360967716893,0.024314427928682006,0.021248386121412062,183.08,68.89,21.79,4354.72,"Your analysts informed that at tick 536,  the market price of RITM is forecasted to be $4292.58."
555.0,0.002662604036510483,0.02106100580995831,0.021248386121412062,183.05,69.04,21.79,4354.72,"Your analysts informed that at tick 536,  the market price of RITM is forecasted to be $4292.58."
555.0,0.002662604036510483,0.03397955371969727,0.017618110562368283,183.05,69.01,21.85,4354.72,"Your analysts informed that at tick 536,  the market price of RITM is forecasted to be $4292.58."
555.0,0.0031159987527818248,0.03251385042154188,0.01992741111974703,183.4,68.39,21.85,4352.45,"Your analysts informed that at tick 536,  the market price of RITM is forecasted to be $4292.58."
554.0,0.012131580931875705,-0.018964130269838293,0.017648197198711024,182.8,68.16,21.8,4352.45,"Your analysts informed that at tick 536,  the market price of RITM is forecasted to be $4292.58."
554.0,0.012131580931875705,0.004082946283665451,0.003232759804880022,182.8,68.34,21.75,4352.45,"Your analysts informed that at tick 536,  the market price of RITM is forecasted to be $4292.58."
554.0,0.008455171908671295,-0.005316940941591035,0.003232759804880022,183.4,68.16,21.75,4352.45,"Your analysts informed that at tick 536,  the market price of RITM is forecasted to be $4292.58."
554.0,0.008819770960333545,0.01157770200827317,0.020247684059822607,183.1,68.36,21.85,4352.45,"Your analysts informed that at tick 536,  the market price of RITM is forecasted to be $4292.58."
554.0,0.008366394530708577,0.024730441927462828,0.02447513299736587,182.65,67.34,21.91,4341.5,"Your analysts informed that at tick 536,  the market price of RITM is forecasted to be $4292.58."
553.0,0.01823901094551344,0.007999128783509508,0.014083030951440218,182.81,67.03,22.01,4341.5,"Your analysts informed that at tick 536,  the market price of RITM is forecasted to be $4292.58."
553.0,0.011583031059323318,0.014209684377416572,0.014083030951440218,182.7,67.22,22.01,4341.5,"Your analysts informed that at tick 536,  the market price of RITM is forecasted to be $4292.58."
553.0,0.011583031059323318,0.01143599081149926,0.02560811990656224,182.7,67.34,21.88,4341.5,"Your analysts informed that at tick 536,  the market price of RITM is forecasted to be $4292.58."
553.0,0.005601493485992596,0.0012445575303277126,0.015522793316599321,182.51,67.14,21.91,4341.5,"Your analysts informed that at tick 536,  the market price of RITM is forecasted to be $4292.58."
552.0,0.0132600451510414,0.024635272549842532,0.013047506356846246,180.08,64.5,21.99,4315.36,"Your analysts informed that at tick 536,  the market price of RITM is forecasted to be $4292.58."
552.0,0.01497745243201486,0.009373032112647225,0.007939847861947425,179.48,64.32,22.08,4315.36,"Your analysts informed that at tick 536,  the market price of RITM is forecasted to be $4292.58."
552.0,0.009904959843848742,0.014434971674333533,0.012844471413395384,179.76,64.33,22.04,4315.36,"Your analysts informed that at tick 536,  the market price of RITM is forecasted to be $4292.58."
552.0,0.0196967448362814,0.014100329757243823,0.00816012383555649,179.78,64.3,21.98,4315.36,"Your analysts informed that at tick 536,  the market price of RITM is forecasted to be $4292.58."
551.0,0.018479733366009898,0.015498062700836382,0.01612528559198646,180.14,63.74,22.07,4307.27,"Your analysts informed that at tick 536,  the market price of RITM is forecasted to be $4292.58."
551.0,0.01565597839521511,0.0034447761075411653,0.005073397110154989,180.28,63.47,22.14,4307.27,"Your analysts informed that at tick 536,  the market price of RITM is forecasted to be $4292.58."
551.0,0.00511945647465941,-0.015064691429669567,0.009665073266357913,179.9,63.79,22.13,4307.27,"Your analysts informed that at tick 536,  the market price of RITM is forecasted to be $4292.58."
551.0,0.012947222021029287,0.0135790932719392,0.018690027562513308,180.1,63.59,22.04,4307.27,"Your analysts informed that at tick 536,  the market price of RITM is forecasted to be $4292.58."
551.0,0.013632745324278949,-0.012487980874442929,0.010583815803651309,179.14,63.59,22.04,4299.97,"Your analysts informed that at tick 536,  the market price of RITM is forecasted to be $4292.58."
550.0,0.009036706293439516,0.014864238149375817,0.003777048118132873,178.96,62.93,21.98,4299.97,"Your analysts informed that at tick 536,  the market price of RITM is forecasted to be $4292.58."
550.0,0.009036706293439516,0.0037701654334085302,0.006693537006884145,178.96,62.64,21.94,4299.97,"Your analysts informed that at tick 536,  the market price of RITM is forecasted to be $4292.58."
550.0,0.006452749287234201,0.013958385881724924,0.007211944711483074,179.01,62.73,21.9,4299.97,"Your analysts informed that at tick 536,  the market price of RITM is forecasted to be $4292.58."
549.0,0.008244535158495638,0.01682399944567308,0.009653337420474976,178.5,61.6,21.98,4287.75,"Your analysts informed that at tick 536,  the market price of RITM is forecasted to be $4292.58."
549.0,0.008244535158495638,0.0065305615577285646,0.01426611438538648,178.5,61.86,21.89,4287.75,"Your analysts informed that at tick 536,  the market price of RITM is forecasted to be $4292.58."
549.0,0.013466128599910027,0.010088442951885757,0.02203856904149281,178.23,61.67,21.87,4287.75,"Your analysts informed that at tick 536,  the market price of RITM is forecasted to be $4292.58."
549.0,0.009758692348600582,0.012159409068022773,0.009802901206106277,178.33,61.46,21.81,4287.75,"Your analysts informed that at tick 536,  the market price of RITM is forecasted to be $4292.58."
549.0,0.012053358363498183,0.009978611889841624,0.014848204683397315,178.2,61.66,21.88,4287.75,"Your analysts informed that at tick 536,  the market price of RITM is forecasted to be $4292.58."
549.0,0.012548918368769639,0.010024619169871485,0.009518299576592597,177.38,62.18,21.88,4284.83,"Your analysts informed that at tick 536,  the market price of RITM is forecasted to be $4292.58."
548.0,0.012341943148931873,0.00966928296030766,0.014937708236267933,177.2,61.96,22.04,4284.83,"Your analysts informed that at tick 536,  the market price of RITM is forecasted to be $4292.58."
548.0,0.012341943148931873,0.013497195042309715,0.007825294915503028,177.2,61.94,22.08,4284.83,"Your analysts informed that at tick 536,  the market price of RITM is forecasted to be $4292.58."
548.0,0.01421774348357355,0.018405547081639228,0.007825294915503028,177.5,61.91,22.08,4284.83,"Your analysts informed that at tick 536,  the market price of RITM is forecasted to be $4292.58."
548.0,0.01421774348357355,0.01158150174347482,0.013097147558435088,177.5,61.98,21.98,4284.83,"Your analysts informed that at tick 536,  the market price of RITM is forecasted to be $4292.58."
547.0,0.014078804134066,0.013490841422766513,0.013645494566405753,177.1,61.12,21.98,4274.14,"Your analysts informed that at tick 536,  the market price of RITM is forecasted to be $4292.58."
547.0,0.009849231270013628,0.013008825254995976,0.013585310162801777,176.65,61.26,21.97,4274.14,"Your analysts informed that at tick 536,  the market price of RITM is forecasted to be $4292.58."
547.0,0.009849231270013628,0.012114102465751815,0.006694269591723145,176.65,61.06,22.07,4274.14,"Your analysts informed that at tick 536,  the market price of RITM is forecasted to be $4292.58."
547.0,0.011802152193167176,0.00904885485692606,0.014098095716124203,176.8,61.26,21.97,4274.14,"Your analysts informed that at tick 536,  the market price of RITM is forecasted to be $4292.58."
546.0,0.01366321673995515,0.01357824235793995,0.014858803068000803,174.36,59.66,21.67,4257.23,"Your analysts informed that at tick 536,  the market price of RITM is forecasted to be $4292.58."
546.0,0.011195612063140988,0.013902661486684724,0.010770624502759826,174.1,59.8,21.82,4257.23,"Your analysts informed that at tick 536,  the market price of RITM is forecasted to be $4292.58."
546.0,0.011195612063140988,0.010970169069021374,0.013715360892280851,174.1,59.78,21.85,4257.23,"Your analysts informed that at tick 536,  the market price of RITM is forecasted to be $4292.58."
546.0,0.011776146510577668,0.00990353664058331,0.011712443166314247,174.25,59.86,21.77,4257.23,"Your analysts informed that at tick 536,  the market price of RITM is forecasted to be $4292.58."
545.0,0.012115291813742553,0.012108242904937555,0.012289068749143551,172.59,58.24,21.89,4239.63,"Your analysts informed that at tick 536,  the market price of RITM is forecasted to be $4292.58."
545.0,0.012154059069382717,0.011900347456129657,0.012240662481429986,172.8,58.21,21.88,4239.63,"Your analysts informed that at tick 536,  the market price of RITM is forecasted to be $4292.58."
545.0,0.012201816813513244,0.012251585474571707,0.012292551697013123,172.44,58.56,21.94,4239.63,"Your analysts informed that at tick 536,  the market price of RITM is forecasted to be $4292.58."
545.0,0.012303339266211662,0.012239714746172366,0.012292551697013123,172.22,58.39,21.94,4239.63,"Your analysts informed that at tick 536,  the market price of RITM is forecasted to be $4292.58."
545.0,0.012230001405935779,0.01249505586194103,0.012239803732786502,172.5,58.36,21.84,4239.63,"Your analysts informed that at tick 536,  the market price of RITM is forecasted to be $4292.58."
544.0,0.012089285648309972,0.010074159264844212,0.012005553237192337,173.48,59.64,21.91,4253.56,"Your analysts informed that at tick 536,  the market price of RITM is forecasted to be $4292.58."
544.0,0.012089285648309972,0.012644627058610752,0.012940395854691004,173.48,59.66,21.85,4253.56,"Your analysts informed that at tick 536,  the market price of RITM is forecasted to be $4292.58."
544.0,0.012089285648309972,0.01268895429559574,0.012485386850091004,173.48,59.37,21.78,4253.56,"Your analysts informed that at tick 536,  the market price of RITM is forecasted to be $4292.58."
544.0,0.012089285648309972,0.013735572220679712,0.012485386850091004,173.48,59.28,21.78,4253.56,"Your analysts informed that at tick 536,  the market price of RITM is forecasted to be $4292.58."
544.0,0.011178176263389822,0.008613223932745964,0.011188503370906077,173.78,59.48,21.88,4253.56,"Your analysts informed that at tick 536,  the market price of RITM is forecasted to be $4292.58."
544.0,0.01086737212680261,0.006109309673232819,0.010658106253759727,175.2,59.99,21.98,4263.79,"Your analysts informed that at tick 536,  the market price of RITM is forecasted to be $4292.58."
543.0,0.0126235739271759,0.010273160211604307,0.010326313071994046,175.44,60.39,22.08,4263.79,"Your analysts informed that at tick 536,  the market price of RITM is forecasted to be $4292.58."
543.0,0.01261482147137387,0.010624388832477736,0.016184074557098853,175.42,60.33,21.91,4263.79,"Your analysts informed that at tick 536,  the market price of RITM is forecasted to be $4292.58."
543.0,0.010608595979226323,0.0072044964595525205,0.00885424379324183,175.5,60.19,21.98,4263.79,"Your analysts informed that at tick 536,  the market price of RITM is forecasted to be $4292.58."
543.0,0.01052456575186561,0.009247249934385552,0.017928855053815237,176.55,60.19,21.98,4272.89,"Your analysts informed that at tick 536,  the market price of RITM is forecasted to be $4292.58."
542.0,0.011400702810188323,0.006481965538289094,0.014520478198973327,176.88,61.1,21.81,4272.89,"Your analysts informed that at tick 536,  the market price of RITM is forecasted to be $4292.58."
542.0,0.013739991466355548,0.02659697878975755,0.009108934916695989,176.58,60.82,21.87,4272.89,"Your analysts informed that at tick 536,  the market price of RITM is forecasted to be $4292.58."
542.0,0.013739991466355548,0.00381992852150379,0.013832117759814447,176.58,60.9,21.9,4272.89,"Your analysts informed that at tick 536,  the market price of RITM is forecasted to be $4292.58."
541.0,0.013910602330770691,0.003010804907248062,0.01375204822153013,176.73,61.12,21.85,4276.37,"Your analysts informed that at tick 536,  the market price of RITM is forecasted to be $4292.58."
541.0,0.017900254215906502,0.014271435625027733,0.013268786921555697,176.9,60.99,21.91,4276.37,"Your analysts informed that at tick 536,  the market price of RITM is forecasted to be $4292.58."
541.0,0.01287531357344923,0.00921911276663167,0.01620340806718661,176.95,60.72,21.97,4276.37,"Your analysts informed that at tick 536,  the market price of RITM is forecasted to be $4292.58."
541.0,0.01566578272127111,0.0201315796238698,0.00543994116436653,176.71,60.92,21.9,4276.37,"Your analysts informed that at tick 536,  the market price of RITM is forecasted to be $4292.58."
540.0,0.015956738596806058,0.02036837533314675,0.004469622388889295,176.54,60.81,21.97,4279.15,"Your analysts informed that at tick 536,  the market price of RITM is forecasted to be $4292.58."
540.0,0.012491713455376871,0.019206579372135504,0.016870822482625454,176.48,60.65,21.87,4279.15,"Your analysts informed that at tick 536,  the market price of RITM is forecasted to be $4292.58."
540.0,0.010798626677614349,0.005476297539013418,0.00819183281660841,176.52,60.81,21.92,4279.15,"Your analysts informed that at tick 536,  the market price of RITM is forecasted to be $4292.58."
540.0,0.011839814967310213,0.014490415850453287,0.015353684925445404,176.32,60.61,21.87,4279.15,"Your analysts informed that at tick 536,  the market price of RITM is forecasted to be $4292.58."
539.0,0.012623528847705671,0.01692002580814721,0.013453352941212611,178.35,61.85,21.97,4286.67,"Your analysts informed that at tick 536,  the market price of RITM is forecasted to be $4292.58."
539.0,0.012623528847705671,0.005099103726013706,0.008897734620612979,178.35,61.69,21.98,4286.67,"Your analysts informed that at tick 536,  the market price of RITM is forecasted to be $4292.58."
539.0,0.012623528847705671,0.017035029815058958,0.015636262212290353,178.35,61.45,22.01,4286.67,"Your analysts informed that at tick 536,  the market price of RITM is forecasted to be $4292.58."
539.0,0.015539590070472212,0.014434152919095698,0.009292830208832018,177.95,61.74,21.9,4286.67,"Your analysts informed that at tick 536,  the market price of RITM is forecasted to be $4292.58."
539.0,0.012378152926938805,0.028357407522981895,0.009537766429007584,178.05,61.65,21.91,4286.67,"Your analysts informed that at tick 536,  the market price of RITM is forecasted to be $4292.58."
538.0,0.017586090501072443,0.03898088591014005,0.01776869457781278,179.15,62.53,21.95,4300.6,"Your analysts informed that at tick 536,  the market price of RITM is forecasted to be $4292.58."
538.0,0.00732961671038613,0.015357517916157965,0.016619814615655714,178.79,62.76,22.05,4300.6,"Your analysts informed that at tick 536,  the market price of RITM is forecasted to be $4292.58."
538.0,0.00732961671038613,0.01041731338696263,0.016619814615655714,178.79,62.53,22.05,4300.6,"Your analysts informed that at tick 536,  the market price of RITM is forecasted to be $4292.58."
538.0,0.010128804613727732,0.025299456577231122,0.017276199158364508,179.09,62.73,21.95,4300.6,"Your analysts informed that at tick 536,  the market price of RITM is forecasted to be $4292.58."
537.0,0.009721942538369758,0.02792562055971752,0.016748652529232914,179.04,63.51,22.06,4303.89,"Your analysts informed that at tick 536,  the market price of RITM is forecasted to be $4292.58."
537.0,0.011297463121072125,-0.010617230494142588,0.0010198418539807252,179.18,63.66,22.13,4303.89,"Your analysts informed that at tick 536,  the market price of RITM is forecasted to be $4292.58."
537.0,0.012748765807071565,0.048727713708214215,0.011929616773649654,179.23,63.61,22.02,4303.89,"Your analysts informed that at tick 536,  the market price of RITM is forecasted to be $4292.58."
537.0,0.010806953479877182,0.003768559329806586,0.01503426758679614,178.93,63.71,22.11,4303.89,"Your analysts informed that at tick 536,  the market price of RITM is forecasted to be $4292.58."
536.0,0.013075782663890659,0.011327191652501217,0.01718435121779913,177.2,62.33,22.02,4292.61,"Your analysts informed that at tick 536,  the market price of RITM is forecasted to be $4292.58."
536.0,0.013075782663890659,0.012080511470875913,0.015018227998460722,177.2,62.71,21.97,4292.61,"Your analysts informed that at tick 536,  the market price of RITM is forecasted to be $4292.58."
536.0,0.013726425806339988,0.012216907710245726,0.015470614022901445,176.9,62.53,22.07,4296.64,"Your analysts informed that at tick 536,  the market price of RITM is forecasted to be $4292.58."
535.0,0.01997391458094718,0.025716477948181583,0.009291603089135998,177.44,63.13,22.06,4296.64,"Your analysts informed that at tick 536,  the market price of RITM is forecasted to be $4292.58."
535.0,0.01997391458094718,0.008147938165553441,0.017137188518443737,177.44,63.31,22.15,4296.64,"Your analysts informed that at tick 536,  the market price of RITM is forecasted to be $4292.58."
535.0,0.01997391458094718,0.02165704139327767,-0.00012511601765688787,177.44,62.99,22.26,4296.64,"Your analysts informed that at tick 536,  the market price of RITM is forecasted to be $4292.58."
535.0,0.008637934536475043,0.0048629514914824935,0.027402888705565554,177.74,63.19,22.16,4296.64,"Your analysts informed that at tick 536,  the market price of RITM is forecasted to be $4292.58."
534.0,0.011044009918471032,0.012733362083730276,0.023515627353306947,177.27,61.51,22.14,4283.43,"Your analysts informed that at tick 536,  the market price of RITM is forecasted to be $4292.58."
534.0,0.006677173626979819,0.012772294210671218,0.012568220867732727,177.5,61.41,22.12,4283.43,"Your analysts informed that at tick 536,  the market price of RITM is forecasted to be $4292.58."
534.0,0.01176002411339029,0.009361580880349201,0.005875627598173934,177.59,61.46,22.15,4283.43,"Your analysts informed that at tick 536,  the market price of RITM is forecasted to be $4292.58."
534.0,0.011773163727391936,0.006644542380330805,0.017161933903661282,177.29,61.39,22.31,4283.43,"Your analysts informed that at tick 536,  the market price of RITM is forecasted to be $4292.58."
534.0,0.011773163727391936,0.00889991691106325,0.012169807734260192,177.29,61.47,22.21,4283.43,"Your analysts informed that at tick 536,  the market price of RITM is forecasted to be $4292.58."
534.0,0.011456625430145705,0.005390694058953979,0.017609743212613493,177.29,61.47,22.21,4292.46,"Your analysts informed that at tick 536,  the market price of RITM is forecasted to be $4292.58."
533.0,0.011911083740783182,0.00994168554209955,0.012632806436634792,177.46,62.31,22.23,4292.46,"Your analysts informed that at tick 536,  the market price of RITM is forecasted to be $4292.58."
533.0,0.012876933392803354,0.015121637320748229,0.008444262772386166,177.75,62.28,22.03,4292.46,"Your analysts informed that at tick 536,  the market price of RITM is forecasted to be $4292.58."
533.0,0.01627929254376744,0.027274151531238886,0.015213128142176548,177.8,62.05,22.17,4292.46,"Your analysts informed that at tick 536,  the market price of RITM is forecasted to be $4292.58."
533.0,0.008730710020073841,-0.003301101973288534,0.010149462479523582,177.5,62.25,22.13,4292.46,"Your analysts informed that at tick 536,  the market price of RITM is forecasted to be $4292.58."
532.0,0.012816898242743903,0.010385463026288608,0.014468893830250965,175.45,60.25,21.83,4273.61,"Your analysts informed that at tick 536,  the market price of RITM is forecasted to be $4292.58."
532.0,0.009632757206600433,0.005840135972630974,0.014468893830250965,175.31,60.21,21.83,4273.61,"Your analysts informed that at tick 536,  the market price of RITM is forecasted to be $4292.58."
532.0,0.014493084251511416,0.011426994099368032,0.014468893830250965,175.44,60.39,21.83,4273.61,"Your analysts informed that at tick 536,  the market price of RITM is forecasted to be $4292.58."
532.0,0.014493084251511416,0.010349240549133446,0.009174482842816849,175.44,60.19,21.93,4273.61,"Your analysts informed that at tick 536,  the market price of RITM is forecasted to be $4292.58."
531.0,0.015229367713528423,0.010861919647245637,0.00827609226590393,176.53,60.83,21.91,4279.54,"Your analysts informed that at tick 536,  the market price of RITM is forecasted to be $4292.58."
531.0,0.015229367713528423,0.01773637040546356,0.014283695015080377,176.53,61.13,21.97,4279.54,"Your analysts informed that at tick 536,  the market price of RITM is forecasted to be $4292.58."
531.0,0.012378056979916632,0.018215146033960773,0.009235839025989291,176.58,60.95,22.03,4279.54,"Your analysts informed that at tick 536,  the market price of RITM is forecasted to be $4292.58."
531.0,0.009965717238581117,0.0067183079654398355,0.016754843574147665,176.97,61.13,22.06,4279.54,"Your analysts informed that at tick 536,  the market price of RITM is forecasted to be $4292.58."
531.0,0.01853895073816168,0.011585797750445388,0.00924402278294133,176.67,60.93,21.96,4279.54,"Your analysts informed that at tick 536,  the market price of RITM is forecasted to be $4292.58."
531.0,0.021340801817844826,0.00368072556759772,0.017237936744040498,177.68,60.93,21.96,4291.38,"Your analysts informed that at tick 536,  the market price of RITM is forecasted to be $4292.58."
530.0,0.010664282973967924,0.015672001463434827,0.00951505151509481,177.43,62.71,22.06,4291.38,"Your analysts informed that at tick 536,  the market price of RITM is forecasted to be $4292.58."
530.0,0.012296728688211203,0.02183784123723577,0.018764126240325574,177.59,63.11,22.01,4291.38,"Your analysts informed that at tick 536,  the market price of RITM is forecasted to be $4292.58."
530.0,0.009347358984213478,0.013176205177630025,0.011031501051291453,177.38,62.91,21.97,4291.38,"Your analysts informed that at tick 536,  the market price of RITM is forecasted to be $4292.58."
530.0,0.012185965077974602,0.020529189040816798,0.019325050289212657,177.38,62.91,21.97,4296.22,"Your analysts informed that at tick 536,  the market price of RITM is forecasted to be $4292.58."
529.0,0.009008739913933904,0.013800767266517792,0.009465785314956322,177.08,63.61,22.01,4296.22,"Your analysts informed that at tick 536,  the market price of RITM is forecasted to be $4292.58."
529.0,0.009008739913933904,0.005435414200896086,0.009465785314956322,177.08,63.46,22.01,4296.22,"Your analysts informed that at tick 536,  the market price of RITM is forecasted to be $4292.58."
529.0,0.016745319156015532,0.01717048476290644,0.017082393160656115,176.78,63.43,22.0,4296.22,"Your analysts informed that at tick 536,  the market price of RITM is forecasted to be $4292.58."
528.0,0.017455785255323382,0.019423883871898556,0.002062894510384456,177.12,64.41,22.02,4303.96,"Your analysts informed that at tick 536,  the market price of RITM is forecasted to be $4292.58."
528.0,0.0068663396664219375,0.013475702326636356,0.014458149077296627,177.14,64.13,22.01,4303.96,"Your analysts informed that at tick 536,  the market price of RITM is forecasted to be $4292.58."
528.0,0.0068663396664219375,0.013380007107056389,0.01960223044519567,177.14,64.33,21.93,4303.96,"Your analysts informed that at tick 536,  the market price of RITM is forecasted to be $4292.58."
528.0,0.00961842156164707,0.01314934529148137,0.015559063717820634,175.24,64.33,21.93,4294.03,"Your analysts informed that at tick 536,  the market price of RITM is forecasted to be $4292.58."
527.0,0.00961842156164707,0.01717465865098861,0.015857587208812318,175.24,63.29,22.22,4294.03,"Your analysts informed that at tick 536,  the market price of RITM is forecasted to be $4292.58."
527.0,0.012028891600111087,0.0034461388994372327,0.0174941020505127,175.46,63.37,22.2,4294.03,"Your analysts informed that at tick 536,  the market price of RITM is forecasted to be $4292.58."
527.0,0.013143258529839176,0.007866978479710832,0.0027608039144334864,175.21,63.33,22.03,4294.03,"Your analysts informed that at tick 536,  the market price of RITM is forecasted to be $4292.58."
527.0,0.0035905725637857284,0.01197796286266252,0.016911068892063473,175.39,63.29,22.11,4294.03,"Your analysts informed that at tick 536,  the market price of RITM is forecasted to be $4292.58."
527.0,0.0035905725637857284,0.009562779153892522,0.008753992836771517,175.39,63.49,22.12,4294.03,"Your analysts informed that at tick 536,  the market price of RITM is forecasted to be $4292.58."
526.0,0.0042418648964705555,0.011059247600531646,0.017388853075671007,175.4,64.07,22.11,4296.33,"Your analysts informed that at tick 536,  the market price of RITM is forecasted to be $4292.58."
526.0,0.014139248675674579,0.004967341512741673,0.009011870057978662,175.46,64.02,22.17,4296.33,"Your analysts informed that at tick 536,  the market price of RITM is forecasted to be $4292.58."
526.0,0.014139248675674579,-0.005965598699265067,0.010895865631386796,175.46,64.07,22.01,4296.33,"Your analysts informed that at tick 536,  the market price of RITM is forecasted to be $4292.58."
526.0,0.010617623097490907,0.004403175759984871,0.006831413833113344,175.16,63.87,22.07,4296.33,"Your analysts informed that at tick 536,  the market price of RITM is forecasted to be $4292.58."
526.0,0.01316861825643429,0.010317860344858489,0.01176536405952941,176.98,65.27,22.07,4308.95,"Your analysts informed that at tick 536,  the market price of RITM is forecasted to be $4292.58."
525.0,0.012909002786544103,0.012663660776918556,0.014628342009765306,176.82,65.41,22.18,4308.95,"Your analysts informed that at tick 477,  the market price of RITM is forecasted to be $4329.65."
525.0,0.010413319561969328,0.019739632535430734,0.014130204391752896,176.38,65.09,22.24,4308.95,"Your analysts informed that at tick 477,  the market price of RITM is forecasted to be $4329.65."
525.0,0.010413319561969328,0.005524584725875788,0.010273676945028514,176.38,65.48,22.12,4308.95,"Your analysts informed that at tick 477,  the market price of RITM is forecasted to be $4329.65."
525.0,0.011753985915229614,0.010407502961479458,0.010569014374372243,176.68,65.29,22.22,4308.95,"Your analysts informed that at tick 477,  the market price of RITM is forecasted to be $4329.65."
524.0,0.012268861612891313,0.010054919375636524,0.00980337873961571,177.63,65.83,22.18,4314.28,"Your analysts informed that at tick 477,  the market price of RITM is forecasted to be $4329.65."
524.0,0.01508886113317134,0.015426892620580815,0.011414979539799416,177.61,66.08,22.23,4314.28,"Your analysts informed that at tick 477,  the market price of RITM is forecasted to be $4329.65."
524.0,0.007801619689206998,0.00926407130505943,0.014851201752153417,177.46,65.91,22.29,4314.28,"Your analysts informed that at tick 477,  the market price of RITM is forecasted to be $4329.65."
524.0,0.007801619689206998,0.02013211225691712,0.009580232047261517,177.46,66.03,22.28,4314.28,"Your analysts informed that at tick 477,  the market price of RITM is forecasted to be $4329.65."
524.0,0.009563150649147725,0.030899021086751438,0.007543263187580383,179.71,67.75,22.39,4330.86,"Your analysts informed that at tick 477,  the market price of RITM is forecasted to be $4329.65."
523.0,0.014790377772120627,0.008292424556138291,0.007543263187580383,179.93,67.69,22.39,4330.86,"Your analysts informed that at tick 477,  the market price of RITM is forecasted to be $4329.65."
523.0,0.014790377772120627,-0.001235343344831108,0.008814141569854442,179.93,68.01,22.48,4330.86,"Your analysts informed that at tick 477,  the market price of RITM is forecasted to be $4329.65."
523.0,0.015898564557891515,0.025641855142289255,0.022396790787568052,179.42,67.83,22.33,4330.86,"Your analysts informed that at tick 477,  the market price of RITM is forecasted to be $4329.65."
523.0,0.012589842234275112,0.011271435029607667,0.0001689321102150993,179.63,67.81,22.38,4330.86,"Your analysts informed that at tick 477,  the market price of RITM is forecasted to be $4329.65."
522.0,0.012650284242165967,0.011399489438506327,0.0005799083441965936,179.14,67.43,22.37,4329.62,"Your analysts informed that at tick 477,  the market price of RITM is forecasted to be $4329.65."
522.0,0.010799267214772012,0.01588870519027019,0.020011464055800524,178.84,67.52,22.44,4329.62,"Your analysts informed that at tick 477,  the market price of RITM is forecasted to be $4329.65."
522.0,0.010799267214772012,0.01673618818664433,0.006684213860243151,178.84,67.25,22.24,4329.62,"Your analysts informed that at tick 477,  the market price of RITM is forecasted to be $4329.65."
522.0,0.014241348631636333,0.010625862546907103,0.013866925500109928,178.9,67.42,22.44,4329.62,"Your analysts informed that at tick 477,  the market price of RITM is forecasted to be $4329.65."
522.0,0.014241348631636333,0.01431353095671038,0.010507123471809689,178.9,67.38,22.34,4329.62,"Your analysts informed that at tick 477,  the market price of RITM is forecasted to be $4329.65."
521.0,0.01440902455305793,0.014100640532597446,0.010708119697637335,179.16,67.16,22.5,4329.31,"Your analysts informed that at tick 477,  the market price of RITM is forecasted to be $4329.65."
521.0,0.01440902455305793,0.016549060584638932,0.01291250163264853,179.16,67.15,22.39,4329.31,"Your analysts informed that at tick 477,  the market price of RITM is forecasted to be $4329.65."
521.0,0.012732260692533316,0.004539256083463644,0.013942874601713062,179.18,66.94,22.48,4329.31,"Your analysts informed that at tick 477,  the market price of RITM is forecasted to be $4329.65."
521.0,0.012549721526058715,0.009923057572637922,0.009225361614273345,179.14,66.76,22.3,4329.31,"Your analysts informed that at tick 477,  the market price of RITM is forecasted to be $4329.65."
521.0,0.012190330586597048,0.009938049592261184,0.012926795009598297,178.97,66.96,22.4,4329.31,"Your analysts informed that at tick 477,  the market price of RITM is forecasted to be $4329.65."
521.0,0.011270839207671574,0.007656569323077114,0.011845738605366238,178.97,66.96,22.4,4329.16,"Your analysts informed that at tick 477,  the market price of RITM is forecasted to be $4329.65."
520.0,0.009318849614595809,0.0110289160680234,0.01511189552785829,179.08,66.72,22.55,4329.16,"Your analysts informed that at tick 477,  the market price of RITM is forecasted to be $4329.65."
520.0,0.011012221331003779,0.015799184035778888,0.011080063246246854,178.48,67.12,22.44,4329.16,"Your analysts informed that at tick 477,  the market price of RITM is forecasted to be $4329.65."
520.0,0.014583930055553716,0.016786764841278355,0.015189896614115446,179.08,66.94,22.4,4329.16,"Your analysts informed that at tick 477,  the market price of RITM is forecasted to be $4329.65."
520.0,0.007400583390121463,-0.005970767610531046,0.014005270698784135,178.78,66.92,22.45,4329.16,"Your analysts informed that at tick 477,  the market price of RITM is forecasted to be $4329.65."
519.0,0.01124281967249207,0.002747493786738848,0.015448773383205302,181.1,69.47,22.44,4352.8,"Your analysts informed that at tick 477,  the market price of RITM is forecasted to be $4329.65."
519.0,0.012144530546920431,0.016939729742495014,0.022527030886069797,181.07,69.35,22.39,4352.8,"Your analysts informed that at tick 477,  the market price of RITM is forecasted to be $4329.65."
519.0,0.013693927555961622,0.015033247454020803,0.011199760834650048,181.33,69.59,22.31,4352.8,"Your analysts informed that at tick 477,  the market price of RITM is forecasted to be $4329.65."
519.0,0.013693927555961622,0.014804978912384777,0.009710495880394236,181.33,69.39,22.41,4352.8,"Your analysts informed that at tick 477,  the market price of RITM is forecasted to be $4329.65."
518.0,0.012760332321682343,0.01502140138009281,0.010824843176670894,182.54,69.19,22.23,4346.26,"Your analysts informed that at tick 477,  the market price of RITM is forecasted to be $4329.65."
518.0,0.014446363064510722,0.014229591120403692,0.010511657731168036,182.38,69.18,22.31,4346.26,"Your analysts informed that at tick 477,  the market price of RITM is forecasted to be $4329.65."
518.0,0.01140473581801234,0.0007071485591262378,0.010800189853739397,182.53,69.09,22.23,4346.26,"Your analysts informed that at tick 477,  the market price of RITM is forecasted to be $4329.65."
518.0,0.01095205703987015,0.01859382986554321,0.01831662094230254,182.05,68.88,22.37,4346.26,"Your analysts informed that at tick 477,  the market price of RITM is forecasted to be $4329.65."
518.0,0.009504159909192832,0.015318263032465532,-4.581846004093719e-05,182.35,69.01,22.33,4346.26,"Your analysts informed that at tick 477,  the market price of RITM is forecasted to be $4329.65."
517.0,0.012839334759632165,0.01539735845810489,0.022518808808975842,181.82,69.21,22.42,4346.8,"Your analysts informed that at tick 477,  the market price of RITM is forecasted to be $4329.65."
517.0,0.012983518415781667,0.011286239511565346,0.007683652952346009,181.78,69.22,22.32,4346.8,"Your analysts informed that at tick 477,  the market price of RITM is forecasted to be $4329.65."
517.0,0.012983518415781667,0.007062404598802274,0.0150739704296887,181.78,69.26,22.3,4346.8,"Your analysts informed that at tick 477,  the market price of RITM is forecasted to be $4329.65."
517.0,0.008670482466706961,0.011170502154909948,0.012545160644293864,181.52,69.21,22.32,4346.8,"Your analysts informed that at tick 477,  the market price of RITM is forecasted to be $4329.65."
516.0,0.008443811544285428,0.012487956382185346,0.01551345553065928,181.45,69.88,22.32,4348.9,"Your analysts informed that at tick 477,  the market price of RITM is forecasted to be $4329.65."
516.0,0.01740022992214997,0.009108616518381386,0.012472025554669627,181.73,69.67,22.38,4348.9,"Your analysts informed that at tick 477,  the market price of RITM is forecasted to be $4329.65."
516.0,0.008700196875229544,0.015140000295843233,0.010269441484237312,181.82,69.76,22.26,4348.9,"Your analysts informed that at tick 477,  the market price of RITM is forecasted to be $4329.65."
516.0,0.008700196875229544,0.007598714179850491,0.006782791555584545,181.82,69.86,22.43,4348.9,"Your analysts informed that at tick 477,  the market price of RITM is forecasted to be $4329.65."
516.0,0.012843601075390678,0.019083474601183578,0.015491179665655597,181.52,69.68,22.33,4348.9,"Your analysts informed that at tick 477,  the market price of RITM is forecasted to be $4329.65."
515.0,0.01254309072920874,0.020036263964051643,0.012268243347135659,181.72,70.1,22.52,4356.6,"Your analysts informed that at tick 477,  the market price of RITM is forecasted to be $4329.65."
515.0,0.01725735034020342,0.003907492531663928,0.01675199594094985,182.09,70.14,22.49,4356.6,"Your analysts informed that at tick 477,  the market price of RITM is forecasted to be $4329.65."
515.0,0.009104017328382619,0.016146486261770666,0.012648574317662661,182.14,69.75,22.52,4356.6,"Your analysts informed that at tick 477,  the market price of RITM is forecasted to be $4329.65."
515.0,0.012492161199302368,0.014945809697410975,0.005937163528005996,181.9,69.94,22.42,4356.6,"Your analysts informed that at tick 477,  the market price of RITM is forecasted to be $4329.65."
515.0,0.009015290099977544,0.016324998369034966,0.012393104921544601,181.9,69.94,22.42,4357.54,"Your analysts informed that at tick 477,  the market price of RITM is forecasted to be $4329.65."
514.0,0.012162335694088892,0.014964969248307945,0.005550689632191537,180.72,69.9,22.26,4357.54,"Your analysts informed that at tick 477,  the market price of RITM is forecasted to be $4329.65."
514.0,0.011469926178928709,0.010302673023765639,0.009291120942176054,180.61,69.95,22.26,4357.54,"Your analysts informed that at tick 477,  the market price of RITM is forecasted to be $4329.65."
514.0,0.014721818348899553,0.012598043704292542,0.013974236541890485,180.91,69.78,22.33,4357.54,"Your analysts informed that at tick 477,  the market price of RITM is forecasted to be $4329.65."
513.0,0.014606007804148688,0.015570938195458076,0.016121713644395144,180.76,69.34,22.46,4361.1,"Your analysts informed that at tick 477,  the market price of RITM is forecasted to be $4329.65."
513.0,0.010207190054006998,0.010527708720081443,0.006538163856284115,180.56,69.57,22.43,4361.1,"Your analysts informed that at tick 477,  the market price of RITM is forecasted to be $4329.65."
513.0,0.015851338285885457,0.01802460121045283,0.016666522914213073,180.73,69.51,22.31,4361.1,"Your analysts informed that at tick 477,  the market price of RITM is forecasted to be $4329.65."
513.0,0.015851338285885457,0.013774784437936493,0.010410833170080222,180.73,69.74,22.26,4361.1,"Your analysts informed that at tick 477,  the market price of RITM is forecasted to be $4329.65."
513.0,0.0018445299728076826,0.014972236879779681,0.023599293717926337,180.86,69.54,22.36,4361.1,"Your analysts informed that at tick 477,  the market price of RITM is forecasted to be $4329.65."
512.0,0.0019881787588287222,0.013535389636830828,0.023571351749425762,181.17,69.15,22.32,4359.89,"Your analysts informed that at tick 477,  the market price of RITM is forecasted to be $4329.65."
512.0,0.01422652155642623,0.005669521744564977,0.0008490849424399403,181.48,69.38,22.35,4359.89,"Your analysts informed that at tick 477,  the market price of RITM is forecasted to be $4329.65."
512.0,0.01273526912095431,0.008022762540907485,0.015841095855111023,181.23,69.27,22.36,4359.89,"Your analysts informed that at tick 477,  the market price of RITM is forecasted to be $4329.65."
512.0,0.012934493824948799,-0.008831044749290707,0.005570278166771959,181.17,69.08,22.38,4359.89,"Your analysts informed that at tick 477,  the market price of RITM is forecasted to be $4329.65."
512.0,0.00670177468681345,0.024948448049290597,0.019402618787254668,181.47,69.18,22.34,4359.89,"Your analysts informed that at tick 477,  the market price of RITM is forecasted to be $4329.65."
512.0,0.006454125844187905,-0.008757934044387196,0.005460049706150227,180.13,69.18,22.34,4359.93,"Your analysts informed that at tick 477,  the market price of RITM is forecasted to be $4329.65."
511.0,0.006454125844187905,0.024760840349228395,0.01924266690141859,180.13,69.39,22.21,4359.93,"Your analysts informed that at tick 477,  the market price of RITM is forecasted to be $4329.65."
511.0,0.015667616833586282,-0.0007780805235777805,0.01085483790327626,180.0,69.2,22.31,4359.93,"Your analysts informed that at tick 477,  the market price of RITM is forecasted to be $4329.65."
511.0,0.01217906403070145,0.01838616159635906,0.013939329000587098,180.09,69.31,22.19,4359.93,"Your analysts informed that at tick 477,  the market price of RITM is forecasted to be $4329.65."
511.0,0.019525760182508362,0.0030972321496044782,0.007777369082248098,180.16,69.2,22.28,4359.93,"Your analysts informed that at tick 477,  the market price of RITM is forecasted to be $4329.65."
511.0,0.010000534814584478,0.026447820022540924,0.011969170594579474,180.22,69.19,22.26,4359.93,"Your analysts informed that at tick 477,  the market price of RITM is forecasted to be $4329.65."
511.0,0.00867925101178543,0.0024870033910517116,0.007426351461657481,181.15,69.19,22.26,4354.79,"Your analysts informed that at tick 477,  the market price of RITM is forecasted to be $4329.65."
510.0,0.00867925101178543,0.027244967955006846,0.010004731370793149,181.15,68.45,22.35,4354.79,"Your analysts informed that at tick 477,  the market price of RITM is forecasted to be $4329.65."
510.0,0.014547960573172066,0.01649535850625467,0.02996621660750256,180.95,68.54,22.29,4354.79,"Your analysts informed that at tick 477,  the market price of RITM is forecasted to be $4329.65."
510.0,0.012565292691504866,0.010392229953943188,0.0014841731935058555,181.15,68.45,22.35,4354.79,"Your analysts informed that at tick 477,  the market price of RITM is forecasted to be $4329.65."
510.0,0.012565292691504866,0.018792597733719982,0.005435175081819172,181.15,68.77,22.29,4354.79,"Your analysts informed that at tick 477,  the market price of RITM is forecasted to be $4329.65."
510.0,0.014414365958421228,0.00878167474132482,0.005435175081819172,180.85,68.65,22.29,4354.79,"Your analysts informed that at tick 477,  the market price of RITM is forecasted to be $4329.65."
509.0,0.013905228962310952,0.008661532014448085,0.0053033607269885276,180.37,68.85,22.43,4346.21,"Your analysts informed that at tick 477,  the market price of RITM is forecasted to be $4329.65."
509.0,0.013905228962310952,0.03233280397288787,0.0053033607269885276,180.37,68.96,22.43,4346.21,"Your analysts informed that at tick 477,  the market price of RITM is forecasted to be $4329.65."
509.0,0.013905228962310952,-0.0031575314929757643,0.0053033607269885276,180.37,68.82,22.43,4346.21,"Your analysts informed that at tick 477,  the market price of RITM is forecasted to be $4329.65."
509.0,0.009552566766787167,0.010671661064092109,0.024835929974009484,180.58,68.86,22.23,4346.21,"Your analysts informed that at tick 477,  the market price of RITM is forecasted to be $4329.65."
509.0,0.015124838011855012,0.004928757085935262,-0.0007789815314199686,180.67,68.76,22.33,4346.21,"Your analysts informed that at tick 477,  the market price of RITM is forecasted to be $4329.65."
508.0,0.0029027309970692614,0.0041849435526697554,-0.0013427351074946758,179.47,68.74,22.6,4344.52,"Your analysts informed that at tick 477,  the market price of RITM is forecasted to be $4329.65."
508.0,0.0029027309970692614,0.015160616065449672,-0.0013427351074946758,179.47,68.9,22.6,4344.52,"Your analysts informed that at tick 477,  the market price of RITM is forecasted to be $4329.65."
508.0,0.015947198072983493,0.011904181749640384,0.022876489870382415,179.45,68.93,22.4,4344.52,"Your analysts informed that at tick 477,  the market price of RITM is forecasted to be $4329.65."
508.0,0.0105825073671043,0.025316113167114004,0.022876489870382415,179.6,68.89,22.4,4344.52,"Your analysts informed that at tick 477,  the market price of RITM is forecasted to be $4329.65."
508.0,0.019868624492513972,0.0010988101712929386,0.004071191698975003,179.75,68.73,22.5,4344.52,"Your analysts informed that at tick 477,  the market price of RITM is forecasted to be $4329.65."
507.0,0.011560002086767359,0.007447712292055128,0.0056460859732347934,178.52,67.42,22.55,4329.7,"Your analysts informed that at tick 477,  the market price of RITM is forecasted to be $4329.65."
507.0,0.011560002086767359,0.008920424107304339,0.012759244461070983,178.52,67.52,22.43,4329.7,"Your analysts informed that at tick 477,  the market price of RITM is forecasted to be $4329.65."
507.0,0.01312073489609888,0.032225591699793395,0.008976700677860702,178.52,67.28,22.63,4329.7,"Your analysts informed that at tick 477,  the market price of RITM is forecasted to be $4329.65."
507.0,0.01312073489609888,0.009084128608083681,0.018362212182197198,178.52,67.12,22.6,4329.7,"Your analysts informed that at tick 477,  the market price of RITM is forecasted to be $4329.65."
507.0,0.012435714521677542,-0.0004682832519116841,0.010570348070914184,178.38,67.32,22.53,4329.7,"Your analysts informed that at tick 477,  the market price of RITM is forecasted to be $4329.65."
507.0,0.013556396576653824,0.008617884609078667,0.020177382998836937,178.38,67.32,22.53,4347.72,"Your analysts informed that at tick 477,  the market price of RITM is forecasted to be $4329.65."
506.0,0.01545291887136636,0.006010258817537117,0.00691968611034397,179.79,69.66,22.36,4347.72,"Your analysts informed that at tick 477,  the market price of RITM is forecasted to be $4329.65."
506.0,0.005796213878745702,0.011187236178635557,0.004888122925187454,179.7,69.26,22.56,4347.72,"Your analysts informed that at tick 477,  the market price of RITM is forecasted to be $4329.65."
506.0,0.0067592606849442155,-0.003728845342828706,0.02037467138048705,179.87,69.41,22.43,4347.72,"Your analysts informed that at tick 477,  the market price of RITM is forecasted to be $4329.65."
